agent,buildings,total_reward,mean_soc_pct,peak_net_kW,total_net_kWh,mean_action,std_action
anthropic / α,"[0, 1, 2]",-521.4951725163716,4.147528221936684,10.707374811172485,445.67240997124463,-0.02564870259481038,0.1730777758994285
anthropic / β,"[3, 4, 5]",-822.7769643328313,5.07294854640444,12.224749565124512,774.1256901631132,-0.02215568862275449,0.15375585188407517
deepseek / α,"[0, 1, 2]",-922.875609215502,49.26361492702827,10.707374811172485,476.99472342571244,-0.05125748502994012,0.3669475637468966
deepseek / β,"[3, 4, 5]",-1367.0805682782109,47.97776835009051,12.224749565124512,806.3477272540331,-0.03331337325349302,0.33815898126115657
nvidia / α,"[0, 1, 2]",-928.1289990288834,58.68976437888701,9.684303402900696,478.8918419321999,-0.006526946107784432,0.2470785667276357
nvidia / β,"[3, 4, 5]",-1338.7172864188778,54.661060353632294,11.027083158493042,796.7468178952113,-0.0168063872255489,0.2812933141437205
